BRETON;Jack;DSI;1;0604030201;;jack.breton@test.com;2
VIOLET;Ben;Admin réseaux;1;0604030202;;ben.violet@test.com;5
NUTRON;Léo;Technicien réseau;1;0604030203;;léo.nutron@test.com;13
FERAND;Léa;DRH;1;0604030204;;léa.ferand@test.com;3
THOMAS;Maurice;DSI;1;0604030205;;maurice.thomas@test.com;1
LORIN;Jane;Admin réseaux;1;0604030206;;jane.lorin@test.com;2
DETRA;Nelly;Technicien réseau;1;0604030207;;nelly.detra@test.com;3
GALIBERT;John;DRH;1;0604030208;;john.galibert@test.com;4
GENTREAU;Boris;DSI;1;0604030209;;boris.gentreau@test.com;5
JUGNOT;Mathieu;Admin réseaux;1;0604030210;;mathieu.jugnot@test.com;6
PAVARD;Julien;Technicien réseau;1;0604030211;;julien.pavard@test.com;7
NORIS;Michel;DRH;1;0604030212;;michel.noris@test.com;8
KROSS;Lilian;DSI;1;0604030213;;lilian.kross@test.com;9
JONES;Nora;Admin réseaux;1;0604030214;;nora.jones@test.com;10
MELERIN;Briget;Technicien réseau;1;0604030215;;briget.melerin@test.com;11
FENOU;Abdel;DRH;1;0604030216;;abdel.fenou@test.com;12
